,mean_5_5,confidence_5_5,mean_5_10,confidence_5_10,mean_5_25,confidence_5_25,mean_20_20,confidence_20_20,mean_20_60,confidence_20_60,mean_20_400,confidence_20_400,mean_50_50,confidence_50_50,mean_50_200,confidence_50_200,mean_50_2500,confidence_50_2500
always_accept,-2.256666666666667,0.06250813975422709,-3.8366666666666664,0.09728474191278691,-7.876666666666667,0.13545504514833162,-3.26,0.10042067516030428,-6.685,0.15193096192856892,-28.835,0.3236923763777746,-3.87,0.10425918278810054,-9.125,0.16258585165608253,-66.66,0.5031480174140484
random,-2.3466666666666667,0.06735898248656591,-3.723333333333333,0.09115778672957875,-7.66,0.1377877256908624,-3.205,0.10331759814912056,-6.675,0.15342290305992812,-28.555,0.3227726708993117,-3.8,0.10303929950812218,-9.015,0.17545722740057634,-66.83,0.4829195557024377
local_reward_optimiser,-1.8233333333333333,0.052204216363140876,-2.973333333333333,0.05226570625440141,-6.083333333333333,0.05510944362851511,-2.255,0.06055775678508102,-4.755,0.07545954074614691,-22.46,0.09093818538840281,-2.545,0.07056841504777189,-6.37,0.07126593327002251,-53.985,0.10533446356437537
mean_thinning,-1.87,0.07392502626468045,-3.105,0.07138434058930931,-6.17,0.09016005615348455,-2.555,0.08065297541151661,-5.115,0.09643699803316075,-22.525,0.1218682536887421,-3.06,0.08410063700851378,-6.785,0.10660958023913558,-53.535,0.1495619473839369
dp,-1.85,0.0632893453326333,-2.975,0.06726314898634111,-6.06,0.09974462551663787,-2.33,0.10065467007000395,-4.69,0.11382527369443807,-1.0,-1.0,-2.52,0.09841307099095742,-1.0,-1.0,-1.0,-1.0
dqn,-1.92,0.091039762880047,-2.93,0.08920995574080504,-6.2,0.1114308601427032,-2.42,0.10490196103880223,-4.88,0.11910598560325614,-22.2,0.1364743744745276,-2.5,0.10967593377144391,-6.43,0.11231531474082157,-53.49,0.2468121234233962
threshold,-2.18,0.12576146313255787,-3.32,0.1332519280414508,-6.44,0.1255762018537796,-2.58,0.12200279859425756,-5.58,0.16756363490919668,-24.12,0.1915509126310333,-2.99,0.11652053364631021,-7.02,0.12759928284064515,-56.73,0.28796712855521633
