,mean_cycle_4_25,confidence_cycle_4_25,mean_hypercube_4_25,confidence_hypercube_4_25,mean_complete_4_25,confidence_complete_4_25,mean_cycle_16_50,confidence_cycle_16_50,mean_hypercube_16_50,confidence_hypercube_16_50,mean_complete_16_50,confidence_complete_16_50,mean_cycle_32_32,confidence_cycle_32_32,mean_hypercube_32_32,confidence_hypercube_32_32,mean_complete_32_32,confidence_complete_32_32
greedy,-7.045,0.028802454252223164,-7.035,0.025534022201637363,-7.17,0.05576597799354932,-4.74,0.08364031260439297,-4.47,0.1059142851966337,-4.39,0.06917669610984412,-2.46,0.09817621608439975,-2.34,0.09331295012076302,-2.26,0.06250673392099282
random,-8.92,0.17149720039922478,-8.815,0.17578697769207352,-8.98,0.17351146077094448,-6.745,0.17129306297113445,-6.64,0.22720695000776914,-6.56,0.15069507560761508,-3.45,0.12879486649247918,-3.64,0.16367444805939524,-3.535,0.09812369445514246
local_reward_optimiser,-7.1,0.04168144893401049,-7.125,0.04594947840176289,-7.29,0.07164414785396911,-4.97,0.09716735573798996,-4.74,0.11693605644580707,-4.745,0.07481726554594736,-2.53,0.1059142851966337,-2.42,0.09722302636602409,-2.46,0.07461380380352622
dp,-7.015,0.016888275210235726,-7.015,0.016888275210235726,-7.27,0.09591715103405996,-1.0,-1.0,-1.0,-1.0,-1.0,-1.0,-1.0,-1.0,-1.0,-1.0,-1.0,-1.0
dqn,-7.17,0.07234130044588571,-7.175,0.05632995907779925,-7.38,0.08627601264597651,-4.92,0.14918840300578218,-5.71,0.17012604163971368,-6.57,0.15440900118005985,-3.81,0.17551465902544683,-3.59,0.1807426928582183,-4.165,0.14356924847218355
