,mean_5_25_2,confidence_5_25_2,mean_5_25_3,confidence_5_25_3,mean_5_25_5,confidence_5_25_5,mean_5_25_10,confidence_5_25_10,mean_20_50_2,confidence_20_50_2,mean_20_50_3,confidence_20_50_3,mean_20_50_5,confidence_20_50_5,mean_20_50_10,confidence_20_50_10
always_accept,-7.876666666666667,0.13545504514833162,-7.716279069767442,0.11172195620031378,-7.806349206349206,0.14336155309317178,-7.803225806451613,0.13888619703788496,-5.65,0.1917432582831724,-5.81,0.13062404242848835,-5.845,0.14107355805478505,-6.025,0.1568448179177384
random,-7.66,0.1377877256908624,-7.755813953488372,0.12674005905293306,-7.771428571428571,0.13844919200989736,-7.741935483870968,0.143761032554524,-5.77,0.1906880434316811,-5.955,0.14657646967409477,-5.865,0.14878551793519357,-5.725,0.13537561681344457
local_reward_optimiser,-6.083333333333333,0.05510944362851511,-5.772093023255814,0.04601200920396398,-5.453968253968254,0.05576952029436821,-5.129032258064516,0.03737825609254575,-4.22,0.11343256551188396,-3.695,0.06396816236664948,-3.205,0.05608956187446523,-3.005,0.00979981992270007
mean_thinning,-6.17,0.09016005615348455,-5.955813953488372,0.038764561803749764,-5.612698412698412,0.05600117268026761,-5.151612903225806,0.039988393833033875,-4.34,0.11891035560161445,-3.685,0.07427346234330034,-3.155,0.05028237195927954,-3.005,0.00979981992270007
dp,-6.06,0.09974462551663787,-5.746511627906977,0.045029516470257214,-5.377777777777778,0.05362585500189354,-5.1,0.03344953663614891,-4.13,0.090933146421313,-3.585,0.06985357094575884,-3.145,0.04892024363866243,-3.0,0.0
threshold,-6.44,0.1255762018537796,-6.265116279069767,0.049523917266814266,-6.12063492063492,0.04639221194250265,-5.929032258064516,0.04757475303353953,-4.72,0.1476196064864359,-4.17,0.05400746402011336,-4.005,0.0450157504374753,-3.94,0.05316087139981862
dqn,-6.2,0.1114308601427032,-6.77,0.11432677681516523,-7.145,0.13641258482959895,-7.145,0.14059381953006156,-4.26,0.09496171636529915,-4.47,0.09206684725050174,-4.215,0.08322094429782556,-3.01,0.013824172683247316
