,mean_5_25_2,confidence_5_25_2,mean_5_25_3,confidence_5_25_3,mean_5_25_5,confidence_5_25_5,mean_5_25_10,confidence_5_25_10,mean_20_50_2,confidence_20_50_2,mean_20_50_3,confidence_20_50_3,mean_20_50_5,confidence_20_50_5,mean_20_50_10,confidence_20_50_10
always_accept,-7.82,0.24505290442830896,-7.7,0.24994441202839024,-7.7,0.23883015533042595,-7.73,0.23777991792839526,-5.81,0.17551465902544638,-5.94,0.18650110858581925,-5.85,0.2054211359770699,-6.05,0.22866246486300668
random,-7.69,0.2593836020689011,-7.62,0.2327078180626554,-7.69,0.23256604254079338,-7.7,0.2305636173816472,-6.02,0.2412227196595058,-5.86,0.2193872440236504,-5.83,0.19511341557981687,-5.7,0.1794607754103108
local_reward_optimiser,-6.12,0.0976213198254845,-5.73,0.09178261041984914,-5.42,0.10113540004754729,-5.13,0.06624632580781675,-4.11,0.08763011685461386,-3.73,0.0874528174987681,-3.21,0.08023312109558578,-3.0,0.0
quantile,-6.24,0.12181182096828902,-6.01,0.0520797728786917,-5.6,0.10044241997839265,-5.16,0.07221545103854066,-4.39,0.1389957613925219,-3.76,0.10832317655781143,-3.15,0.07565306085473855,-3.0,0.0
dp,-6.09,0.09279170288535443,-5.69,0.09110367286537002,-5.41,0.09688318951899166,-5.12,0.06401215568473706,-4.15,0.07565306085473811,-3.5,0.09849189605044373,-3.16,0.0722154510385411,-3.0,0.0
threshold,-6.67,0.14755387799727604,-6.31,0.11036367447944517,-6.08,0.07200020331373747,-5.95,0.08529648404658019,-4.45,0.1161202328915163,-4.18,0.0806431532439964,-4.01,0.07099619429323578,-3.94,0.07790204672798873
dqn,-6.74,0.181866292842626,-6.73,0.15221380038830645,-7.08,0.1664017596075178,-7.38,0.21718300579097338,-4.44,0.11923622728853545,-4.38,0.11411466766375611,-4.25,0.13177317603300143,-3.01,0.019599639845400585
